[
  {
    "PizzaName": "Cheese",
    "link": "https://kitchenatics.com/wp-content/uploads/2020/09/Cheese-pizza-1.jpg"
  },
  {
    "PizzaName": "Pepperoni",
    "link": "https://www.simplyrecipes.com/thmb/RiK7px2b_-buGiK2w55_jdRiAKM=/1333x1333/smart/filters:no_upscale()/__opt__aboutcom__coeus__resources__content_migration__simply_recipes__uploads__2019__09__easy-pepperoni-pizza-lead-3-8f256746d649404baa36a44d271329bc.jpg"
  },
  {
    "PizzaName": "Combo",
    "link": "https://venicesfpizza.com/wp-content/uploads/2021/09/Supreme-Combo-Pizza.jpg"
  },
  {
    "PizzaName": "Pineapple & Ham",
    "link": "https://www.jessicagavin.com/wp-content/uploads/2020/07/hawaiian-pizza-16-1200.jpg"
  }
]